<application>
  <component name="FileTypeManager" version="18">
    <ignoreFiles list="*$py.class;*.pyc;*.pyo;*.rbc;*.yarb;*~;.DS_Store;.git;.hg;.svn;CVS;__pycache__;_svn;vssver.scc;vssver2.scc;" />
    <extensionMap>
      <mapping pattern="ok" type="AUTO_DETECTED" />
      <mapping pattern="error_log.txt" type="AUTO_DETECTED" />
      <mapping pattern="Procfile" type="AUTO_DETECTED" />
      <mapping pattern="chiharun_tweet" type="AUTO_DETECTED" />
      <mapping pattern="LICENSE" type="AUTO_DETECTED" />
      <mapping ext="pages" type="Native" />
      <mapping pattern=".ok_history" type="PLAIN_TEXT" />
      <mapping ext="windows" type="PLAIN_TEXT" />
      <removed_mapping ext="chm" approved="true" type="Native" />
      <removed_mapping ext="csv" approved="true" type="CSV" />
      <removed_mapping ext="ignore" approved="true" type="IgnoreLang file" />
      <removed_mapping ext="pdf" approved="true" type="Native" />
      <removed_mapping ext="tsv" approved="true" type="TSV" />
    </extensionMap>
  </component>
</application>