<application>
  <component name="MaterialThemeConfig">
    <option name="allowDataCollection" value="true" />
    <option name="isWizardShown" value="true" />
    <option name="overrideAccentColor" value="false" />
    <option name="pristineConfig" value="false" />
    <option name="rightTreeIndent" value="6" />
    <option name="settingsSelectedTab" value="4" />
    <option name="accentColor" value="2979ff" />
    <option name="selectedTheme" value="NATIVE" />
    <option name="userId" value="4d17b801:177956236ef:-8000" />
    <option name="version" value="5.5.0" />
  </component>
</application>